{
  "norm_stats": {
    "state": {
      "mean": [
        -3.3055520057678223,
        -18.658477783203125,
        31.354843139648438,
        26.4084529876709,
        -84.6964340209961,
        33.765995025634766
      ],
      "std": [
        19.491012573242188,
        30.64527702331543,
        25.363460540771484,
        1.7146910429000854,
        34.608192443847656,
        15.125935554504395
      ],
      "q01": [
        -36.03563690185547,
        -89.98500061035156,
        -14.413969993591309,
        25.992843627929688,
        -110.00239562988281,
        -0.0003999960026703775
      ],
      "q99": [
        30.154306411743164,
        34.546817779541016,
        90.01041412353516,
        37.81119155883789,
        -0.004020948428660631,
        47.58156204223633
      ]
    },
    "actions": {
      "mean": [
        0.03698764368891716,
        1.2346930503845215,
        -1.189758062362671,
        -0.1942976415157318,
        -2.1233675479888916,
        34.75840377807617
      ],
      "std": [
        4.088124752044678,
        4.422972202301025,
        3.8300576210021973,
        0.863483726978302,
        2.8197860717773438,
        14.653038024902344
      ],
      "q01": [
        -8.812822341918945,
        -8.644702911376953,
        -8.621465682983398,
        -5.231346130371094,
        -8.595458984375,
        12.430547714233398
      ],
      "q99": [
        8.817852973937988,
        8.657783508300781,
        8.117673873901367,
        0.016141891479492188,
        0.001312255859375,
        47.79450225830078
      ]
    }
  },
  "metadata": {
    "representation": "arm_delta_from_current_proprio_gripper_absolute",
    "num_state_samples": 10000,
    "num_action_targets": 100000
  }
}