{
  "norm_stats": {
    "state": {
      "mean": [
        5.244597434997559,
        -13.236286163330078,
        25.944150924682617,
        26.00140953063965,
        -88.56773376464844,
        33.700599670410156
      ],
      "std": [
        16.72878074645996,
        24.194856643676758,
        20.13815689086914,
        0.003538483753800392,
        26.783382415771484,
        15.205422401428223
      ],
      "q01": [
        -36.03678512573242,
        -45.05653381347656,
        -14.300023078918457,
        25.99673080444336,
        -110.00138854980469,
        13.06951904296875
      ],
      "q99": [
        30.154054641723633,
        33.714935302734375,
        46.302772521972656,
        26.007553100585938,
        -44.944583892822266,
        45.45449447631836
      ]
    },
    "actions": {
      "mean": [
        -0.7159910202026367,
        1.4035931825637817,
        -1.1173741817474365,
        -0.001565479440614581,
        -1.9891806840896606,
        33.765811920166016
      ],
      "std": [
        4.060924530029297,
        4.449622631072998,
        3.7465574741363525,
        0.00663553224876523,
        2.8111572265625,
        15.143301010131836
      ],
      "q01": [
        -8.847723007202148,
        -9.066307067871094,
        -8.67464828491211,
        -0.025653839111328125,
        -8.59478759765625,
        13.064610481262207
      ],
      "q99": [
        8.781954765319824,
        8.694766998291016,
        8.990377426147461,
        0.0168609619140625,
        0.00168609619140625,
        45.454612731933594
      ]
    }
  },
  "metadata": {
    "representation": "arm_delta_from_current_proprio_gripper_absolute",
    "num_state_samples": 10000,
    "num_action_targets": 100000
  }
}