{
  "norm_stats": {
    "state": {
      "mean": [
        -2.8316094875335693,
        -17.55806541442871,
        30.683740615844727,
        26.447490692138672,
        -85.70906066894531,
        33.24904251098633
      ],
      "std": [
        19.878917694091797,
        31.44258689880371,
        26.15233612060547,
        1.80849027633667,
        34.81373596191406,
        15.299793243408203
      ],
      "q01": [
        -33.0604133605957,
        -88.93706512451172,
        -12.436304092407227,
        25.9875545501709,
        -110.00222778320312,
        1.0984892845153809
      ],
      "q99": [
        31.937484741210938,
        29.600101470947266,
        89.19058990478516,
        36.83647155761719,
        -1.0343810319900513,
        47.551815032958984
      ]
    },
    "actions": {
      "mean": [
        -0.01544908806681633,
        1.0028210878372192,
        -1.0018784999847412,
        -0.2103290557861328,
        -2.0350518226623535,
        34.51802062988281
      ],
      "std": [
        4.045523166656494,
        4.457319259643555,
        4.038022994995117,
        0.9133123755455017,
        2.7807884216308594,
        14.693022727966309
      ],
      "q01": [
        -8.803901672363281,
        -8.820927619934082,
        -8.680295944213867,
        -5.411290168762207,
        -8.595169067382812,
        12.514631271362305
      ],
      "q99": [
        8.808216094970703,
        8.673728942871094,
        8.833012580871582,
        0.048831939697265625,
        0.0023193359375,
        47.625579833984375
      ]
    }
  },
  "metadata": {
    "representation": "arm_delta_from_current_proprio_gripper_absolute",
    "num_state_samples": 10000,
    "num_action_targets": 100000
  }
}