{
  "norm_stats": {
    "state": {
      "mean": [
        -1.9993145756724244,
        -7.163746670306445,
        18.95938599413575,
        26.32536213759935,
        -88.43675052906148,
        30.851145868451706
      ],
      "std": [
        18.07530644213876,
        33.73493450378981,
        29.815512923675882,
        1.501108652341627,
        33.486464338604044,
        15.409754831548756
      ],
      "q01": [
        -25.142755889892577,
        -87.85172233581542,
        -39.27312240600586,
        25.99105920791626,
        -110.00196075439453,
        3.5032360315322877
      ],
      "q99": [
        20.435160541534422,
        48.083804321289065,
        87.86823959350586,
        35.643679809570315,
        -2.14413845539093,
        47.56355667114258
      ]
    },
    "actions": {
      "mean": [
        -0.009981882655991335,
        3.7689297445322243,
        -3.6144820486520923,
        -0.21682477620597307,
        -3.0960311873603645,
        25.14495465551637
      ],
      "std": [
        2.937358868290485,
        6.30277996566397,
        5.185709276590343,
        1.0462432098084906,
        4.885797089533509,
        22.59833577056094
      ],
      "q01": [
        -12.040768639445304,
        -13.703194665908814,
        -16.1615462218225,
        -6.517935810089111,
        -16.075536422729492,
        -0.0001521008525742218
      ],
      "q99": [
        11.172615046263017,
        16.04834774017334,
        6.852374143600464,
        0.0037322044372558646,
        0.004180908203125,
        45.454463958740234
      ]
    }
  },
  "metadata": {
    "representation": "arm_delta_from_current_proprio_gripper_absolute",
    "num_episodes": 4,
    "num_state_samples": 658,
    "num_action_targets": 6580
  }
}
